Nom de l'hôtel,Lieu,Emplacement,Évaluation,Chauffage,Climatisation,Coffre fort dans la chambre,Salle de bains avec baignoire,Salle de bains avec douche,WIFI Gratuit dans les locaux communs,WIFI Gratuit dans la chambre,Bar,Restaurant (a la carte),Restaurant (Buffet),Snack-bar,Restaurant,Piscine
Le Sultan,Hammamet,Non trouvé,4.5,1,1,1,1,1,1,0,1,1,1,1,1,0
Lella Baya & Thalasso,Hammamet,Non trouvé,4.0,1,1,1,1,1,1,0,1,1,1,1,1,0
The Russelior,Hammamet,Non trouvé,4.0,1,1,1,1,1,1,0,1,1,1,1,1,0
Magic Life Africana,Hammamet,Non trouvé,4.5,1,1,1,1,1,0,0,1,0,1,1,1,0
Houda Yasmine Hammamet,Hammamet,Non trouvé,4.0,1,1,1,0,1,1,0,1,1,1,0,1,0
Hammamet Hotel & Spa,Hammamet,Non trouvé,4.0,0,0,0,0,0,0,0,1,0,1,0,1,0
El Mouradi El Menzah,Hammamet,Non trouvé,3.5,1,1,0,0,0,1,0,0,0,1,0,1,0
TUI BLUE Manar,Hammamet,Non trouvé,4.5,1,1,1,1,1,1,0,1,1,1,1,1,0
Shalimar Aquapark,Hammamet,Non trouvé,4.0,0,0,0,0,0,0,0,0,0,0,0,0,0
Tunisia Lodge,Hammamet,Non trouvé,4.5,0,0,0,0,0,1,0,0,0,1,0,1,0
Bel Azur Thalasso & Bungalows,Hammamet,Non trouvé,4.5,1,1,1,1,1,1,1,1,1,1,1,1,0
Sol Azur Beach Congres,Hammamet,Non trouvé,4.0,1,1,0,1,1,0,0,1,1,1,0,1,0
Menara,Hammamet,Non trouvé,3.5,1,1,1,0,0,0,0,0,1,1,0,1,0
Golden Tulip President Hammamet,Hammamet,Non trouvé,4.0,0,0,0,0,0,0,0,0,0,0,0,0,0
TUI BLUE Palm Beach Hammamet,Hammamet,Non trouvé,4.5,0,0,0,0,0,0,0,1,1,1,0,1,0
El Mouradi Hammamet,Hammamet,Non trouvé,3.5,0,1,0,1,0,1,0,0,0,1,1,1,0
TMK Atrium,Hammamet,Non trouvé,4.0,1,1,0,1,0,1,1,1,0,1,0,1,0
Steigenberger Marhaba Thalasso,Hammamet,Non trouvé,4.5,1,1,1,1,1,1,0,1,1,1,1,1,0
Radisson Blu Resort and Thalasso Hammamet,Hammamet,Non trouvé,4.0,1,1,1,1,1,0,0,1,1,1,0,1,0
Royal Azur Thalassa,Hammamet,Non trouvé,4.0,0,0,1,0,0,0,1,1,1,1,0,1,0
Tui Splashworld Venus,Hammamet,Non trouvé,4.5,0,0,0,0,0,1,1,1,0,0,0,0,0
Mediterranee Thalasso Golf,Hammamet,Non trouvé,4.0,1,1,1,1,1,1,0,1,0,1,0,1,0
Aziza Thalasso & Golf,Hammamet,Non trouvé,4.5,1,1,1,1,1,1,0,1,1,1,1,1,0
TMK Flora Park,Hammamet,Non trouvé,4.5,0,0,0,0,0,1,1,1,0,1,0,1,0
Laico,Hammamet,Non trouvé,4.0,0,0,0,0,0,0,0,0,0,0,0,0,0
Alhambra Thalasso,Hammamet,Non trouvé,4.0,1,1,1,1,1,1,0,1,1,1,1,1,0
Nesrine,Hammamet,Non trouvé,3.5,1,0,0,1,1,0,0,1,0,1,0,1,0
Zodiac Hotel & Aqua Park,Hammamet,Non trouvé,4.0,1,1,1,1,1,1,0,1,1,1,0,1,0
Marina Palace,Hammamet,Non trouvé,3.0,1,1,1,1,1,1,0,1,1,1,1,1,0
Oceana Hotel & SPA,Hammamet,Non trouvé,4.5,1,1,1,1,1,0,0,1,1,1,1,1,0
Vincci Saphir Palace & SPA,Hammamet,Non trouvé,4.0,1,1,0,1,1,1,0,1,1,1,1,1,0
Le Royal Hammamet,Hammamet,Non trouvé,4.0,1,1,1,1,1,0,0,1,1,1,1,1,0
Occidental Marco Polo,Hammamet,Non trouvé,4.0,0,1,0,1,0,0,1,1,0,1,0,1,0
The Mirage Resort & Spa,Hammamet,Non trouvé,4.0,1,1,0,1,0,0,0,0,0,1,0,1,0
Golden Yasmine Mehari Hammamet,Hammamet,Non trouvé,4.0,1,1,1,0,0,1,0,1,1,1,1,1,0
Blumar Resort & SPA,Hammamet,Non trouvé,4.0,1,1,0,0,0,1,0,0,0,0,0,1,0
Nahrawess Thalasso and Resort,Hammamet,Non trouvé,3.0,1,1,0,0,1,0,0,1,0,0,0,0,0
Hammamet Garden Resort & Spa,Hammamet,Non trouvé,3.5,0,0,0,0,0,1,1,1,0,1,0,1,0
Medina Solaria et Thalasso,Hammamet,Non trouvé,4.5,1,1,0,1,1,1,0,1,1,1,1,1,0
Sentido Phenicia,Hammamet,Non trouvé,4.5,1,1,1,0,1,1,1,1,0,1,0,1,0
One Resort Premium,Hammamet,Non trouvé,3.5,0,1,0,0,1,1,0,0,0,1,1,1,0
EL Fell,Hammamet,Non trouvé,3.5,0,0,0,0,0,1,0,1,0,1,0,1,0
Residence Romane,Hammamet,Non trouvé,4.0,1,1,0,0,1,1,0,1,0,1,0,1,0
Les Orangers Garden Villas & Bungalows,Hammamet,Non trouvé,4.5,0,0,0,0,0,0,0,0,0,0,0,0,0
Green Golf et Aquapark,Hammamet,Non trouvé,,0,0,0,0,0,0,0,1,0,1,0,1,0
Zenith,Hammamet,Non trouvé,3.0,1,1,0,1,1,1,0,1,0,1,0,1,0
Hello Hotels,Hammamet,Non trouvé,,1,0,0,0,0,0,0,0,0,1,0,1,0
Calimera Delfino Beach,Hammamet,Non trouvé,4.0,1,1,1,1,1,1,0,1,1,1,0,1,0
Medina Belisaire et Thalasso,Hammamet,Non trouvé,4.5,1,1,1,0,0,1,0,1,1,1,1,1,0
Royal Nozha Beach,Hammamet,Non trouvé,4.5,0,0,0,0,0,0,0,0,0,0,0,0,0
The Orangers Beach Resort,Hammamet,Non trouvé,4.5,0,0,0,0,0,0,0,0,0,0,0,0,0
Omar Khayam,Hammamet,Non trouvé,3.5,0,0,0,0,0,1,0,1,1,1,1,1,0
Iberostar Averroes,Hammamet,Non trouvé,4.0,1,1,1,1,0,1,0,0,0,1,0,1,0
Paradis Palace,Hammamet,Non trouvé,4.0,1,1,1,1,1,1,0,1,1,1,1,1,0
